攻角,MA,目标转速,实际转速,实际MA,角速度,截面积
-5,1.05,2134.181,2133.271,1.04999,0.1,1.166666667
-4.967,1.05,2135.081,2133.65,1.04956,0.1,1.166666667
9.984,1.05,2186.453,2185.78,1.05095,0.1,1.166666667
10,1.05,2184.85,2184.807,1.05048,0.1,1.166666667
