攻角,MA,目标转速,实际转速,实际MA,角速度,截面积
-5,1.1,2246.058,2245.448,1.09999,0.1,1.166666667
-4.963,1.1,2246.058,2246.37,1.10002,0.1,1.166666667
9.986,1.1,2343.886,2341.02,1.09824,0.1,1.166666667
10,1.1,2348.4,2348.279,1.09879,0.1,1.166666667
