攻角,MA,目标转速,实际转速,实际MA,角速度,截面积
-5,0.75,1692.808,1692.105,0.74953,0.1,1
-4.979,0.75,1693.1,1693.26,0.74992,0.1,1
9.97,0.75,1715.767,1714.41,0.74944,0.1,1
10,0.75,1715.117,1714.856,0.75006,0.1,1
