攻角,MA,目标转速,实际转速,实际MA,角速度,截面积
-5,0.75,1690.179,1689.646,0.74973,0.2,1
-4.946,0.75,1690.319,1689.47,0.74964,0.2,1
9.946,0.75,1713.493,1711.28,0.74943,0.2,1
10,0.75,1714.205,1714.031,0.74995,0.2,1
