攻角,MA,目标转速,实际转速,实际MA,角速度,截面积
-5,0.8,1768.214,1767.705,0.79976,0.1,1
-4.989,0.8,1768.399,1768.3,0.80023,0.1,1
9.959,0.8,1794.966,1794.34,0.80034,0.1,1
10,0.8,1795.417,1794.788,0.8003,0.1,1
