攻角,MA,目标转速,实际转速,实际MA,角速度,截面积
-5,0.8,1767.561,1767.72,0.80015,0.2,1
-4.992,0.8,1767.175,1767.42,0.80027,0.2,1
9.991,0.8,1794.989,1792.96,0.79969,0.2,1
10,0.8,1795.532,1795.59,0.80026,0.2,1
