攻角,MA,目标转速,实际转速,实际MA,角速度,截面积
-5,0.85,1843.917,1843.51,0.84994,0.1,1.166666667
-4.978,0.85,1843.798,1843.45,0.85032,0.1,1.166666667
9.972,0.85,1872.904,1871.63,0.84992,0.1,1.166666667
10,0.85,1873.817,1873.529,0.84995,0.1,1.166666667
