攻角,MA,目标转速,实际转速,实际MA,角速度,截面积
-5,0.85,1843.663,1843.866,0.85012,0.2,1.166666667
-4.998,0.85,1843.843,1843.45,0.84982,0.2,1.166666667
9.974,0.85,1873.409,1873.05,0.85028,0.2,1.166666667
10,0.85,1873.245,1874.098,0.85088,0.2,1.166666667
