攻角,MA,目标转速,实际转速,实际MA,角速度,截面积
-5,0.6,1424.7,1424.937,0.60008,0.1,1
-4.963,0.6,1424.5,1425.14,0.60025,0.1,1
9.985,0.6,1443.022,1441.84,0.60004,0.1,1
10,0.6,1443.155,1443.063,0.60019,0.1,1
