攻角,MA,目标转速,实际转速,实际MA,角速度,截面积
-5,0.6,1423.912,1424.1,0.59988,0.2,1
-4.999,0.6,1423.962,1423.99,0.59992,0.2,1
9.97,0.6,1441.971,1442.17,0.60084,0.2,1
10,0.6,1442.081,1442.449,0.60061,0.2,1
